epoch,time,train/box_loss,train/cls_loss,train/dfl_loss,metrics/precision(B),metrics/recall(B),metrics/mAP50(B),metrics/mAP50-95(B),val/box_loss,val/cls_loss,val/dfl_loss,lr/pg0,lr/pg1,lr/pg2
1,3.3125,2.87758,4.45447,3.09431,0.00208,0.66667,0.03995,0.01168,3.23207,5.3704,5.29035,0,0,0
2,5.57152,2.95931,4.22324,2.91479,0.0022,0.66667,0.03636,0.01059,3.21499,5.55575,5.296,1.089e-05,1.089e-05,1.089e-05
3,7.71402,3.26102,5.53755,3.84382,0.00233,0.66667,0.14372,0.02273,3.17266,5.57993,5.21851,2.13401e-05,2.13401e-05,2.13401e-05
4,9.98438,2.78333,5.33079,3.30399,0.01151,1,0.16206,0.02864,3.1751,5.56382,5.11303,3.13502e-05,3.13502e-05,3.13502e-05
5,12.2539,2.63434,6.65695,3.01007,0.00281,0.66667,0.17689,0.03759,3.15282,5.39477,5.05875,4.09204e-05,4.09204e-05,4.09204e-05
6,14.4557,2.39817,5.42925,3.01122,0.00324,0.66667,0.17653,0.0674,3.18001,5.36439,4.94917,5.00506e-05,5.00506e-05,5.00506e-05
7,16.7064,3.18372,4.39928,3.31378,0.00366,0.66667,0.34746,0.13425,3.10569,5.4381,4.75162,5.87408e-05,5.87408e-05,5.87408e-05
8,18.9459,2.57676,4.13471,2.56735,0.01705,1,0.37791,0.13729,3.05591,5.46752,4.60936,6.69911e-05,6.69911e-05,6.69911e-05
9,21.0681,2.75013,3.91376,2.82911,0.01729,1,0.37905,0.1374,3.05135,5.589,4.47828,7.48014e-05,7.48014e-05,7.48014e-05
10,23.2345,3.05733,4.60199,3.02757,0.01909,1,0.39197,0.1387,3.05925,5.51041,4.40633,8.21718e-05,8.21718e-05,8.21718e-05
11,25.6327,2.50345,3.6947,2.49374,0.02081,1,0.3781,0.14129,2.63037,6.18579,3.36404,8.91022e-05,8.91022e-05,8.91022e-05
12,28.0892,2.35623,4.27962,2.77225,0.02267,1,0.44538,0.14404,2.72248,5.94433,3.36991,9.55927e-05,9.55927e-05,9.55927e-05
13,30.6769,2.03517,3.53213,2.21056,0.02165,1,0.4975,0.20238,2.64803,6.53719,3.20414,0.000101643,0.000101643,0.000101643
14,33.3996,1.88561,3.86754,2.14535,0.02011,1,0.52514,0.20053,2.46553,5.94502,3.01491,0.000107254,0.000107254,0.000107254
15,36.0494,2.02474,14.7046,2.50391,0.02077,1,0.52514,0.24946,2.33541,5.31099,2.68981,0.000112424,0.000112424,0.000112424
16,38.5922,1.78343,3.66655,2.04277,0.02191,1,0.46986,0.27107,1.93599,5.28572,2.31262,0.000117155,0.000117155,0.000117155
17,41.057,1.90858,3.38403,1.75477,0.02157,1,0.48092,0.26669,1.65425,5.27969,2.17331,0.000121446,0.000121446,0.000121446
18,43.1643,1.88412,3.55472,2.03705,0.02157,1,0.48092,0.26669,1.65425,5.27969,2.17331,0.000125296,0.000125296,0.000125296
19,45.5607,1.50674,3.6548,1.88207,0.02053,1,0.50856,0.32282,1.63008,5.10473,2.0663,0.000128707,0.000128707,0.000128707
20,47.8525,1.78763,3.69705,1.92357,0.02053,1,0.50856,0.32282,1.63008,5.10473,2.0663,0.000131678,0.000131678,0.000131678
21,50.3267,1.59608,3.66316,1.80967,0.02118,1,0.43485,0.28017,1.67869,4.98524,2.03632,0.000134209,0.000134209,0.000134209
22,52.5661,2.01058,3.61295,2.13654,0.02118,1,0.43485,0.28017,1.67869,4.98524,2.03632,0.0001363,0.0001363,0.0001363
23,54.8359,1.68347,3.42681,1.77759,0.02121,1,0.44775,0.22332,1.83794,4.87747,2.00119,0.000137951,0.000137951,0.000137951
24,57.2905,1.81652,4.30421,1.95896,0.02121,1,0.44775,0.22332,1.83794,4.87747,2.00119,0.000139162,0.000139162,0.000139162
25,59.7979,1.76706,3.62997,1.96129,0.0197,1,0.43827,0.21772,1.99048,4.77858,2.10626,0.000139933,0.000139933,0.000139933
26,62.1432,1.27232,2.80755,1.48424,0.0197,1,0.43827,0.21772,1.99048,4.77858,2.10626,0.000140264,0.000140264,0.000140264
27,64.7915,1.53036,3.1909,1.73868,0.02032,1,0.47539,0.22535,1.74441,5.22632,1.93152,0.000140155,0.000140155,0.000140155
28,67.3648,1.66211,3.10443,1.69571,0.02032,1,0.47539,0.22535,1.74441,5.22632,1.93152,0.000139606,0.000139606,0.000139606
29,69.8023,1.86077,3.5979,1.63438,0.01969,1,0.54488,0.30087,1.74709,4.85438,1.8883,0.000138617,0.000138617,0.000138617
30,72.1578,2.05183,4.42016,2.01916,0.01969,1,0.54488,0.30087,1.74709,4.85438,1.8883,0.000137189,0.000137189,0.000137189
31,75.0745,1.33767,3.00993,1.51698,0.01827,1,0.55278,0.35378,1.63557,4.73391,1.78158,0.00013532,0.00013532,0.00013532
32,77.911,1.61033,3.31155,1.70245,0.01827,1,0.55278,0.35378,1.63557,4.73391,1.78158,0.000133011,0.000133011,0.000133011
33,80.7496,2.02964,3.97528,1.93281,0.01714,1,0.56383,0.38142,1.45721,4.56868,1.61851,0.000130263,0.000130263,0.000130263
34,83.1245,1.48463,3.01571,1.66836,0.01714,1,0.56383,0.38142,1.45721,4.56868,1.61851,0.000127074,0.000127074,0.000127074
35,85.5896,1.49134,2.99976,1.76668,0.01804,1,0.58042,0.44775,1.21192,4.43952,1.39731,0.000123445,0.000123445,0.000123445
36,87.8841,1.50641,3.31731,1.50889,0.01804,1,0.58042,0.44775,1.21192,4.43952,1.39731,0.000119377,0.000119377,0.000119377
37,90.213,1.62771,3.1019,1.76493,0.0195,1,0.58042,0.43946,1.12669,4.37825,1.30342,0.000114869,0.000114869,0.000114869
38,92.5021,1.19778,2.65902,1.51483,0.0195,1,0.58042,0.43946,1.12669,4.37825,1.30342,0.00010992,0.00010992,0.00010992
39,95.0315,1.561,2.61204,1.61814,0.02003,1,0.60806,0.45881,1.04607,4.20986,1.19616,0.000104532,0.000104532,0.000104532
40,97.4237,1.3724,2.56356,1.26721,0.02003,1,0.60806,0.45881,1.04607,4.20986,1.19616,9.87035e-05,9.87035e-05,9.87035e-05
41,100.413,1.12022,3.52965,1.7043,0.01995,1,0.82917,0.66333,0.91927,4.08042,1.0923,9.24352e-05,9.24352e-05,9.24352e-05
42,103.006,1.38776,3.65544,1.47795,0.01995,1,0.82917,0.66333,0.91927,4.08042,1.0923,8.5727e-05,8.5727e-05,8.5727e-05
43,105.646,0.73285,3.09222,1.17071,0.01872,1,0.995,0.76283,0.9463,3.95518,1.06103,7.85788e-05,7.85788e-05,7.85788e-05
44,108.144,1.05702,3.55039,1.35827,0.01872,1,0.995,0.76283,0.9463,3.95518,1.06103,7.09907e-05,7.09907e-05,7.09907e-05
45,110.582,1.04094,3.52809,1.4867,0.018,1,0.995,0.76283,0.92813,3.95269,1.01504,6.29626e-05,6.29626e-05,6.29626e-05
46,112.861,1.30554,2.96543,1.57236,0.018,1,0.995,0.76283,0.92813,3.95269,1.01504,5.44945e-05,5.44945e-05,5.44945e-05
47,115.499,1.03957,2.9765,1.57891,0.01699,1,0.995,0.82917,0.91785,3.91747,1.00017,4.55866e-05,4.55866e-05,4.55866e-05
48,118.283,0.88404,3.23454,1.18148,0.01699,1,0.995,0.82917,0.91785,3.91747,1.00017,3.62386e-05,3.62386e-05,3.62386e-05
49,120.792,1.32765,3.90473,1.85817,0.01677,1,0.995,0.82917,0.90309,3.93244,0.95542,2.64507e-05,2.64507e-05,2.64507e-05
50,123.028,1.05503,3.16379,1.21854,0.01677,1,0.995,0.82917,0.90309,3.93244,0.95542,1.62228e-05,1.62228e-05,1.62228e-05
